timestamp_utc,event_type,details,status,message
2026-03-19T02:21:09.802143+00:00,chat_request,"{""message"": ""can you query the _test table using your tools to get 1 entry with _id={D1CB87C7-D89F-4583-9DA8-5372DC59F25A}"", ""history_length"": 0}",started,Incoming chat request
2026-03-19T02:21:10.060821+00:00,chat_response,"{""message"": ""can you query the _test table using your tools to get 1 entry with _id={D1CB87C7-D89F-4583-9DA8-5372DC59F25A}"", ""history_length"": 0, ""error_type"": ""ClientError""}",error,"429 RESOURCE_EXHAUSTED. {'error': {'code': 429, 'message': 'You exceeded your current quota, please check your plan and billing details. For more information on this error, head to: https://ai.google.dev/gemini-api/docs/rate-limits. To monitor your current usage, head to: https://ai.dev/rate-limit. \n* Quota exceeded for metric: generativelanguage.googleapis.com/generate_content_free_tier_requests, limit: 20, model: gemini-2.5-flash-lite\nPlease retry in 50.153151404s.', 'status': 'RESOURCE_EXHAUSTED', 'details': [{'@type': 'type.googleapis.com/google.rpc.Help', 'links': [{'description': 'Learn more about Gemini API quotas', 'url': 'https://ai.google.dev/gemini-api/docs/rate-limits'}]}, {'@type': 'type.googleapis.com/google.rpc.QuotaFailure', 'violations': [{'quotaMetric': 'generativelanguage.googleapis.com/generate_content_free_tier_requests', 'quotaId': 'GenerateRequestsPerDayPerProjectPerModel-FreeTier', 'quotaDimensions': {'location': 'global', 'model': 'gemini-2.5-flash-lite'}, 'q"
2026-03-19T02:24:44.787740+00:00,chat_request,"{""message"": ""can you query the table _tests to find me some random entry"", ""history_length"": 0}",started,Incoming chat request
2026-03-19T02:24:45.030669+00:00,chat_response,"{""message"": ""can you query the table _tests to find me some random entry"", ""history_length"": 0, ""error_type"": ""ClientError""}",error,"429 RESOURCE_EXHAUSTED. {'error': {'code': 429, 'message': 'You exceeded your current quota, please check your plan and billing details. For more information on this error, head to: https://ai.google.dev/gemini-api/docs/rate-limits. To monitor your current usage, head to: https://ai.dev/rate-limit. \n* Quota exceeded for metric: generativelanguage.googleapis.com/generate_content_free_tier_requests, limit: 20, model: gemini-2.5-flash-lite\nPlease retry in 15.706069052s.', 'status': 'RESOURCE_EXHAUSTED', 'details': [{'@type': 'type.googleapis.com/google.rpc.Help', 'links': [{'description': 'Learn more about Gemini API quotas', 'url': 'https://ai.google.dev/gemini-api/docs/rate-limits'}]}, {'@type': 'type.googleapis.com/google.rpc.QuotaFailure', 'violations': [{'quotaMetric': 'generativelanguage.googleapis.com/generate_content_free_tier_requests', 'quotaId': 'GenerateRequestsPerDayPerProjectPerModel-FreeTier', 'quotaDimensions': {'model': 'gemini-2.5-flash-lite', 'location': 'global'}, 'q"
2026-03-19T09:31:12.664804+00:00,chat_request,"{""message"": ""hello"", ""history_length"": 1}",started,Incoming chat request
2026-03-19T09:31:41.828203+00:00,chat_response,"{""message"": ""hello"", ""history_length"": 1, ""error_type"": ""ServerSelectionTimeoutError""}",error,"host.docker.internal:27017: [Errno 101] Network is unreachable (configured timeouts: socketTimeoutMS: 20000.0ms, connectTimeoutMS: 20000.0ms), Timeout: 30s, Topology Description: <TopologyDescription id: 69bbc24bc02d9bc739e87dcc, topology_type: Unknown, servers: [<ServerDescription ('host.docker.internal', 27017) server_type: Unknown, rtt: None, error=AutoReconnect('host.docker.internal:27017: [Errno 101] Network is unreachable (configured timeouts: socketTimeoutMS: 20000.0ms, connectTimeoutMS: 20000.0ms)')>]>"
2026-03-19T09:32:12.645873+00:00,chat_request,"{""message"": ""test"", ""history_length"": 1}",started,Incoming chat request
2026-03-19T09:32:41.365597+00:00,chat_response,"{""message"": ""test"", ""history_length"": 1, ""error_type"": ""ServerSelectionTimeoutError""}",error,"host.docker.internal:27017: [Errno 101] Network is unreachable (configured timeouts: socketTimeoutMS: 20000.0ms, connectTimeoutMS: 20000.0ms), Timeout: 30s, Topology Description: <TopologyDescription id: 69bbc24bc02d9bc739e87dcc, topology_type: Unknown, servers: [<ServerDescription ('host.docker.internal', 27017) server_type: Unknown, rtt: None, error=AutoReconnect('host.docker.internal:27017: [Errno 101] Network is unreachable (configured timeouts: socketTimeoutMS: 20000.0ms, connectTimeoutMS: 20000.0ms)')>]>"
2026-03-19T09:48:36.560752+00:00,chat_request,"{""message"": ""test"", ""history_length"": 0}",started,Incoming chat request
2026-03-19T09:48:37.122018+00:00,chat_response,"{""message"": ""test"", ""history_length"": 0}",success,No matching tests found
2026-03-19T09:51:04.056244+00:00,chat_request,"{""message"": ""helo"", ""history_length"": 1}",started,Incoming chat request
2026-03-19T09:51:04.764974+00:00,chat_response,"{""message"": ""helo"", ""history_length"": 1}",success,No matching tests found
2026-03-19T09:51:07.365958+00:00,chat_request,"{""message"": ""aka"", ""history_length"": 3}",started,Incoming chat request
2026-03-19T09:51:07.827776+00:00,chat_response,"{""message"": ""aka"", ""history_length"": 3}",success,No matching tests found
2026-03-19T09:55:16.445447+00:00,chat_request,"{""message"": ""tensile"", ""history_length"": 1}",started,Incoming chat request
2026-03-19T09:55:17.964747+00:00,chat_response,"{""message"": ""tensile"", ""history_length"": 1}",success,No matching tests found.
2026-03-19T09:55:57.991882+00:00,chat_request,"{""message"": ""Company_1"", ""history_length"": 3}",started,Incoming chat request
2026-03-19T09:55:58.677650+00:00,chat_response,"{""message"": ""Company_1"", ""history_length"": 3}",success,No matching tests found
2026-03-19T09:56:09.510945+00:00,chat_request,"{""message"": ""11981"", ""history_length"": 5}",started,Incoming chat request
2026-03-19T09:56:10.030094+00:00,chat_response,"{""message"": ""11981"", ""history_length"": 5}",success,No matching tests found
2026-03-19T09:59:06.474646+00:00,chat_request,"{""message"": ""test"", ""history_length"": 1}",started,Incoming chat request
2026-03-19T09:59:06.966369+00:00,chat_response,"{""message"": ""test"", ""history_length"": 1}",success,No matching tests found
2026-03-19T10:48:53.241082+00:00,chat_request,"{""message"": ""Give me a summary for Test 3"", ""history_length"": 0}",started,Incoming chat request
2026-03-19T10:48:57.486306+00:00,chat_response,"{""message"": ""Give me a summary for Test 3"", ""role"": ""engineer"", ""history_length"": 0, ""db_available"": false}",success,"The test database is not reachable right now, so I cannot query live results. Please check the MongoDB connection and try again."
2026-03-19T10:51:28.214718+00:00,chat_request,"{""message"": ""Give me a summary for Test 3"", ""history_length"": 0}",started,Incoming chat request
2026-03-19T10:51:32.248563+00:00,chat_response,"{""message"": ""Give me a summary for Test 3"", ""role"": ""engineer"", ""history_length"": 0, ""db_available"": false}",success,"The test database is not reachable right now, so I cannot query live results. Please check the MongoDB connection and try again."
